Release Order (oldestâ†’newest),Pixelmator Pro Version,App External ID,App Item ID,Notes / Source
1,,823810874,1289583905,Seed App External ID list provided by user (version unknown)
2,,825061168,1289583905,Seed App External ID list provided by user (version unknown)
3,,825079991,1289583905,Seed App External ID list provided by user (version unknown)
4,,825119609,1289583905,Seed App External ID list provided by user (version unknown)
5,,825160594,1289583905,Seed App External ID list provided by user (version unknown)
6,,825272926,1289583905,Seed App External ID list provided by user (version unknown)
7,,825335515,1289583905,Seed App External ID list provided by user (version unknown)
8,,825809331,1289583905,Seed App External ID list provided by user (version unknown)
9,,825857492,1289583905,Seed App External ID list provided by user (version unknown)
10,,826287580,1289583905,Seed App External ID list provided by user (version unknown)
11,,827142219,1289583905,Seed App External ID list provided by user (version unknown)
12,,827368286,1289583905,Seed App External ID list provided by user (version unknown)
13,,827473444,1289583905,Seed App External ID list provided by user (version unknown)
14,,827495587,1289583905,Seed App External ID list provided by user (version unknown)
15,,827737653,1289583905,Seed App External ID list provided by user (version unknown)
16,,828241475,1289583905,Seed App External ID list provided by user (version unknown)
17,,828490639,1289583905,Seed App External ID list provided by user (version unknown)
18,,828751977,1289583905,Seed App External ID list provided by user (version unknown)
19,,828975803,1289583905,Seed App External ID list provided by user (version unknown)
20,,829182378,1289583905,Seed App External ID list provided by user (version unknown)
21,,829198696,1289583905,Seed App External ID list provided by user (version unknown)
22,,829420498,1289583905,Seed App External ID list provided by user (version unknown)
23,,829549139,1289583905,Seed App External ID list provided by user (version unknown)
24,,829974520,1289583905,Seed App External ID list provided by user (version unknown)
25,,830045284,1289583905,Seed App External ID list provided by user (version unknown)
26,,830275035,1289583905,Seed App External ID list provided by user (version unknown)
27,,830322361,1289583905,Seed App External ID list provided by user (version unknown)
28,,830901691,1289583905,Seed App External ID list provided by user (version unknown)
29,,831238875,1289583905,Seed App External ID list provided by user (version unknown)
30,,831859728,1289583905,Seed App External ID list provided by user (version unknown)
31,,832114819,1289583905,Seed App External ID list provided by user (version unknown)
32,,832710677,1289583905,Seed App External ID list provided by user (version unknown)
33,,833113091,1289583905,Seed App External ID list provided by user (version unknown)
34,,833333204,1289583905,Seed App External ID list provided by user (version unknown)
35,,833685856,1289583905,Seed App External ID list provided by user (version unknown)
36,,833839328,1289583905,Seed App External ID list provided by user (version unknown)
37,,834332250,1289583905,Seed App External ID list provided by user (version unknown)
38,,834968823,1289583905,Seed App External ID list provided by user (version unknown)
39,,835237859,1289583905,Seed App External ID list provided by user (version unknown)
40,,835278518,1289583905,Seed App External ID list provided by user (version unknown)
41,,835326531,1289583905,Seed App External ID list provided by user (version unknown)
42,,835571158,1289583905,Seed App External ID list provided by user (version unknown)
43,,835849689,1289583905,Seed App External ID list provided by user (version unknown)
44,,835974048,1289583905,Seed App External ID list provided by user (version unknown)
45,,835998558,1289583905,Seed App External ID list provided by user (version unknown)
46,,836532091,1289583905,Seed App External ID list provided by user (version unknown)
47,,836820107,1289583905,Seed App External ID list provided by user (version unknown)
48,,836876920,1289583905,Seed App External ID list provided by user (version unknown)
49,,837502111,1289583905,Seed App External ID list provided by user (version unknown)
50,,838364608,1289583905,Seed App External ID list provided by user (version unknown)
51,,839243034,1289583905,Seed App External ID list provided by user (version unknown)
52,,839262410,1289583905,Seed App External ID list provided by user (version unknown)
53,,839446962,1289583905,Seed App External ID list provided by user (version unknown)
54,,839754205,1289583905,Seed App External ID list provided by user (version unknown)
55,,840020291,1289583905,Seed App External ID list provided by user (version unknown)
56,,840248323,1289583905,Seed App External ID list provided by user (version unknown)
57,,840296636,1289583905,Seed App External ID list provided by user (version unknown)
58,,840303289,1289583905,Seed App External ID list provided by user (version unknown)
59,,840541700,1289583905,Seed App External ID list provided by user (version unknown)
60,,840790463,1289583905,Seed App External ID list provided by user (version unknown)
61,,841336578,1289583905,Seed App External ID list provided by user (version unknown)
62,,842663670,1289583905,Seed App External ID list provided by user (version unknown)
63,,842866672,1289583905,Seed App External ID list provided by user (version unknown)
64,,842903051,1289583905,Seed App External ID list provided by user (version unknown)
65,,842959088,1289583905,Seed App External ID list provided by user (version unknown)
66,,843623480,1289583905,Seed App External ID list provided by user (version unknown)
67,,843646179,1289583905,Seed App External ID list provided by user (version unknown)
68,,843668713,1289583905,Seed App External ID list provided by user (version unknown)
69,,843681855,1289583905,Seed App External ID list provided by user (version unknown)
70,,844383044,1289583905,Seed App External ID list provided by user (version unknown)
71,,844485322,1289583905,Seed App External ID list provided by user (version unknown)
72,,844943574,1289583905,Seed App External ID list provided by user (version unknown)
73,,845565521,1289583905,Seed App External ID list provided by user (version unknown)
74,,845908878,1289583905,Seed App External ID list provided by user (version unknown)
75,,845931179,1289583905,Seed App External ID list provided by user (version unknown)
76,,845962892,1289583905,Seed App External ID list provided by user (version unknown)
77,,845985093,1289583905,Seed App External ID list provided by user (version unknown)
78,,846119934,1289583905,Seed App External ID list provided by user (version unknown)
79,,846149814,1289583905,Seed App External ID list provided by user (version unknown)
80,,846746717,1289583905,Seed App External ID list provided by user (version unknown)
81,,847752935,1289583905,Seed App External ID list provided by user (version unknown)
82,,847840444,1289583905,Seed App External ID list provided by user (version unknown)
83,,847885358,1289583905,Seed App External ID list provided by user (version unknown)
84,,848025159,1289583905,Seed App External ID list provided by user (version unknown)
85,,848266700,1289583905,Seed App External ID list provided by user (version unknown)
86,,848299242,1289583905,Seed App External ID list provided by user (version unknown)
87,,848313991,1289583905,Seed App External ID list provided by user (version unknown)
88,,848572536,1289583905,Seed App External ID list provided by user (version unknown)
89,,849252809,1289583905,Seed App External ID list provided by user (version unknown)
90,,850418869,1289583905,Seed App External ID list provided by user (version unknown)
91,,850450801,1289583905,Seed App External ID list provided by user (version unknown)
92,,850523846,1289583905,Seed App External ID list provided by user (version unknown)
93,,851789636,1289583905,Seed App External ID list provided by user (version unknown)
94,,851978024,1289583905,Seed App External ID list provided by user (version unknown)
95,,852089354,1289583905,Seed App External ID list provided by user (version unknown)
96,,852294012,1289583905,Seed App External ID list provided by user (version unknown)
97,,852373697,1289583905,Seed App External ID list provided by user (version unknown)
98,,852849558,1289583905,Seed App External ID list provided by user (version unknown)
99,,853163496,1289583905,Seed App External ID list provided by user (version unknown)
100,,853414294,1289583905,Seed App External ID list provided by user (version unknown)
101,,853744141,1289583905,Seed App External ID list provided by user (version unknown)
102,,853762233,1289583905,Seed App External ID list provided by user (version unknown)
103,,853949678,1289583905,Seed App External ID list provided by user (version unknown)
104,,854003925,1289583905,Seed App External ID list provided by user (version unknown)
105,,854024822,1289583905,Seed App External ID list provided by user (version unknown)
106,,855233468,1289583905,Seed App External ID list provided by user (version unknown)
107,,855531201,1289583905,Seed App External ID list provided by user (version unknown)
108,,855708872,1289583905,Seed App External ID list provided by user (version unknown)
109,,857134545,1289583905,Seed App External ID list provided by user (version unknown)
110,,857203982,1289583905,Seed App External ID list provided by user (version unknown)
111,,857205673,1289583905,Seed App External ID list provided by user (version unknown)
112,,857331937,1289583905,Seed App External ID list provided by user (version unknown)
113,,857989347,1289583905,Seed App External ID list provided by user (version unknown)
114,,858030045,1289583905,Seed App External ID list provided by user (version unknown)
115,,858622033,1289583905,Seed App External ID list provided by user (version unknown)
116,,858742568,1289583905,Seed App External ID list provided by user (version unknown)
117,,858783350,1289583905,Seed App External ID list provided by user (version unknown)
118,,859225421,1289583905,Seed App External ID list provided by user (version unknown)
119,,859465967,1289583905,Seed App External ID list provided by user (version unknown)
120,,859507423,1289583905,Seed App External ID list provided by user (version unknown)
121,,859891188,1289583905,Seed App External ID list provided by user (version unknown)
122,,860092190,1289583905,Seed App External ID list provided by user (version unknown)
123,,860510456,1289583905,Seed App External ID list provided by user (version unknown)
124,,861635949,1289583905,Seed App External ID list provided by user (version unknown)
125,,862184652,1289583905,Seed App External ID list provided by user (version unknown)
126,,862325270,1289583905,Seed App External ID list provided by user (version unknown)
127,,862422850,1289583905,Seed App External ID list provided by user (version unknown)
128,,862758197,1289583905,Seed App External ID list provided by user (version unknown)
129,,862830043,1289583905,Seed App External ID list provided by user (version unknown)
130,,863141532,1289583905,Seed App External ID list provided by user (version unknown)
131,,863764836,1289583905,Seed App External ID list provided by user (version unknown)
132,,865069685,1289583905,Seed App External ID list provided by user (version unknown)
133,,865085461,1289583905,Seed App External ID list provided by user (version unknown)
134,,865469250,1289583905,Seed App External ID list provided by user (version unknown)
135,,865499038,1289583905,Seed App External ID list provided by user (version unknown)
136,,865589183,1289583905,Seed App External ID list provided by user (version unknown)
137,,865617695,1289583905,Seed App External ID list provided by user (version unknown)
138,,866166415,1289583905,Seed App External ID list provided by user (version unknown)
139,,866246091,1289583905,Seed App External ID list provided by user (version unknown)
140,,866430481,1289583905,Seed App External ID list provided by user (version unknown)
141,,866760977,1289583905,Seed App External ID list provided by user (version unknown)
142,,867380973,1289583905,Seed App External ID list provided by user (version unknown)
143,,868016815,1289583905,Seed App External ID list provided by user (version unknown)
144,,868310757,1289583905,Seed App External ID list provided by user (version unknown)
145,,868586049,1289583905,Seed App External ID list provided by user (version unknown)
146,,869124647,1289583905,Seed App External ID list provided by user (version unknown)
147,,869632004,1289583905,Seed App External ID list provided by user (version unknown)
148,,869897097,1289583905,Seed App External ID list provided by user (version unknown)
149,,870019281,1289583905,Seed App External ID list provided by user (version unknown)
150,,870538091,1289583905,Seed App External ID list provided by user (version unknown)
151,,870589253,1289583905,Seed App External ID list provided by user (version unknown)
152,,871204961,1289583905,Seed App External ID list provided by user (version unknown)
153,,871289289,1289583905,Seed App External ID list provided by user (version unknown)
154,,872653730,1289583905,Seed App External ID list provided by user (version unknown)
155,,873002230,1289583905,Seed App External ID list provided by user (version unknown)
156,,874103172,1289583905,Seed App External ID list provided by user (version unknown)
157,,874921690,1289583905,Seed App External ID list provided by user (version unknown)
158,,877479917,1289583905,Seed App External ID list provided by user (version unknown)
